,M,mu,z,method,rep,time,profit,waste,fill_rate
0,5,3,0.7071067811865475,Policy iteration,1,47.72369670000626,161.10102739726028,0.08716537227608212,0.9503385592524319
1,5,3,0.7071067811865475,Policy iteration,2,50.68880529998569,161.52979452054794,0.08639369389095687,0.9500013660828939
2,5,3,0.7071067811865475,Value iteration,1,41.986366299999645,159.66472602739725,0.08701927307929244,0.9518933450778533
3,5,3,0.7071067811865475,Value iteration,2,51.44042599998647,161.87191780821917,0.08577640622808247,0.9508105545323584
