,M,mu,z,method,rep,time,profit,waste,fill_rate
0,1,1,1,Q-learning,1,25.70150939997984,-146.9124897288414,0.6760339632977267,0.49980280579187564
1,1,1,1,Q-learning,2,25.466153699962888,-148.50513557929335,0.6760339632977267,0.49980280579187564
