,M,mu,z,method,rep,time,profit,waste,fill_rate
0,5,3,0.7071067811865475,Policy iteration,1,38.53622519999044,174.08972602739726,0.05716857978843124,0.919633383337602
1,5,3,0.7071067811865475,Policy iteration,2,37.71090009997715,174.40239726027397,0.055954358209235326,0.9202736818996744
2,5,3,0.7071067811865475,Value iteration,1,34.72027479999815,174.36609589041095,0.05544703230653644,0.9199992682302147
3,5,3,0.7071067811865475,Value iteration,2,40.76058510001167,174.3263698630137,0.05590808395599444,0.9199992682302147
