,M,mu,z,method,rep,time,profit,waste,fill_rate
0,1,1,1,Q-learning,1,23.35255439998582,-146.9124897288414,0.6760339632977267,0.49980280579187564
1,1,1,1,Q-learning,2,23.064423799980432,-148.50513557929335,0.6760339632977267,0.49980280579187564
2,1,1,1,Sarsa,1,25.001094999955967,-144.3591481785812,0.6760339632977267,0.49980280579187564
3,1,1,1,Sarsa,2,24.070643400016706,-144.1368118323747,0.6760339632977267,0.49980280579187564
